SAPID,name,password,role
52043990,De witt Lorente,03d07908-3e4e-4813-6bbe-a3e5b73bcc93,admin
32423205,Clarette Burfitt,b448733b-9eac-98c4-c6d5-a8610beb3af1,admin
61075118,Joey Moden,0a6e3e86-e5db-654a-7b95-f8c375f9710d,admin
44151550,Flore Twitching,4723f055-a238-ff41-80e2-4bc0eed628f9,user
21502229,Yasmin Milington,1ac456ef-2889-4c13-32d7-d72c216448f3,user
19526962,Garvin Habbema,f5adb812-87f4-a25d-3f96-c6b4b0ec7830,user
77247332,Arvin Boyson,68fe2b69-b9d9-6cc3-5591-5ee90232ed2e,user
18202084,Yuri Leeman,f755910f-827c-2ac2-9b56-07b97e770698,admin
38146444,Gregory Chaudhry,65b08072-a002-81bc-aa65-6e07169c996c,user
75707210,Clint Blakeman,8100950b-acbd-0457-d33d-9285217e43a7,admin
44762584,Eada Gregorace,e8f8dca8-ef8d-020d-5171-6f6b27719d3d,admin
19335904,Sue Vickars,0ac42cb5-c11c-5f9b-ca41-210be4c8922f,user
63413542,Pooh Rubery,bc540891-57c0-420d-f192-bdf3bad3fb57,admin
81545437,Chase Herche,344d4668-07fe-d4c4-725b-3419356665fc,user
52209781,Em McGall,3692f3c0-51dd-dba5-7a3d-8e3b8b46eb10,admin
63622830,Hector Konrad,6a376f8c-5f34-402e-4049-11d1c1923dae,user
71238052,Violette Corkish,563013c9-ee51-bc47-338a-3932960a925b,user
84666085,Britni Bolus,e3cc79d9-ddad-95a9-7d21-a3784cdcfe4d,user
85206862,Trever Battram,75fb4d04-1a11-bafe-028b-d04c7d1d3ea6,user
63421381,Bradney Swains,69b6aa38-801f-fc47-3111-6e4cae796769,user
05467626,Izabel Mathevon,d0a9455b-2621-6ab6-0cc8-fd04b935c8ab,user
28427880,Thomasine Clowes,f96749b3-cd1c-6567-7032-2aabe41e68b6,admin
25259148,Dallas Curcher,d9da6698-fb01-d7d4-185c-7228db97a907,admin
22322082,Constantino Westraw,7fce0efc-b5bf-7fed-3640-a3a56f3ed19b,admin
96510861,Cordula Cockayme,354c5832-6120-70f1-d5d6-dcbbc6ac2a65,user
